"name","daily","weekly","monthly","yearly","1_year","3_year"
"Apple","-1.38","-1.3","-6.2","-5.12","38.24","172.49"
"Microsoft","0.24","-0.88","-5.58","11.12","16.98","154.2"
"Amazon.com","-1.19","-0.01","-3.73","-0.93","15.3","104.38"
"Alphabet A","-0.23","1.36","0.35","32.67","42.27","116.4"
"Alphabet C","-1.08","0.99","0.83","34.5","44.15","119.01"
"Facebook","-0.32","0.63","5.57","16.5","18.14","73.04"
"Alibaba ADR","-2.34","1.35","-8.5","-8.86","-7.42","9.48"
"Tencent ADR","-1.04","0.49","-6.33","6.84","18.49","48.35"
"Berkshire Hathaway B","-0.23","-1.9","6.77","24.41","44.32","51.02"
"Tesla","-0.94","-1.28","-20.02","-17.34","213.3","963.2"
"Taiwan Semiconductor","-0.59","-0.22","-5.23","3.46","94.88","187.08"
"JPMorgan","1.13","0.04","9.03","28.73","59.48","48.17"
"J&J","0.68","1","5.26","9.86","4.08","42.03"
"Visa A","1.68","0.58","-1.03","4.29","4.58","76.72"
"Walmart","-0.14","1.85","1.76","-1.15","-0.46","73.77"
"UnitedHealth","-0.1","0.87","3.79","18.18","25.43","71.66"
"Louis Vuitton","1.51","2.33","3.83","22.55","74.72","123.25"
"NVIDIA","2.92","5.3","-0.91","15.62","45.88","147.01"
"Mastercard","0.24","2.03","-4.49","4.07","9.72","95.85"
"Bank of America","1.8","0.67","9.08","40.97","64.35","42.8"
"Nestlé","0","-1.29","1.61","3.96","2.25","66.9"
"Samsung Electronics DRC","0","0","-3.79","-2.16","50.54","49.73"
"Home Depot","0.29","-1.54","-1.54","19.04","14.61","72.93"
"Roche Holding Participation","3.59","5.61","4.91","0.84","-12.06","58.23"
"Walt Disney","1.21","-0.4","-5.38","-4.68","28.4","70.51"
"PayPal Holdings Inc","0.5","2.19","-5.49","7.97","46.56","216.14"
"ASML Holding","0.61","-2.93","-2.34","31.33","77.21","224.67"
"Comcast","0","-4.77","1.58","6.1","23.69","75.24"
"Exxon Mobil","0.47","-2.74","5.6","42.34","17","-27.37"
"L'Oréal","0","2.52","7.05","12.27","30.53","79.3"
"Verizon","0.62","-2.69","-1.56","-2.65","-9.11","17.82"
"Coca-Cola","0.15","-0.1","0.64","-0.09","5.94","29.52"
"Unilever ADR","0.74","0.74","5.5","0.84","4.26","10.55"
"Adobe","-0.05","0.98","-4.87","-1.26","11.3","105.18"
"JD.com Inc Adr","-2.52","3.92","-5.99","-18.23","30.69","99.03"
"Oracle","-0.33","1.38","6.65","23.48","32.04","72.17"
"Intel","0.31","1.12","-4.99","12.64","-20.19","3.92"
"Cisco","-0.65","-0.43","1.56","18.44","2.36","22.82"
"Netflix","-0.1","2.19","-0.83","-7.41","1.98","47.6"
"AT&T","1.05","-6.88","-4.49","4.56","-12.35","-5.77"
"Nike","-0.07","-1.67","2.89","-5.61","24.33","90.6"
"Abbott Labs","0.53","-0.08","-4.5","7.49","13.45","93.75"
"Salesforce.com","1.54","2.85","-4.01","0.84","9.87","79.09"
"AbbVie","0","0.56","5.57","9.58","10.96","13.25"
"PepsiCo","0.13","0.27","0.44","0.32","-1.71","49.51"
"Chevron","1.74","-3.7","3.92","22.9","3.12","-16.68"
"Merck&Co","-0.42","1.49","2.31","-1.56","-9.03","34.47"
"Novartis ADR","0","0.19","0.36","-3.02","-9.05","20.23"
"Eli Lilly","1.01","2.33","7.21","20.23","15.14","157.9"
"Wells Fargo&Co","0.94","-1.71","4.73","52.92","66.82","-15.9"
"Accenture","-1.31","-1.31","-0.77","9.56","29.4","86.75"
"BHP Billiton Ltd ADR","0","0","0","10.16","48.13","44.2"
"Novo Nordisk ADR","3.1","7.34","12.48","17.51","12.87","72.33"
"United Parcel Service","1.76","1.68","20.55","30.75","97.92","96.12"
"Broadcom","0","7.15","-1.48","6.25","40.19","88.07"
"Thermo Fisher Scientific","0.09","1.34","-3.74","0.82","12.23","114.74"
"Danaher","0","-0.65","0.1","13.12","29.78","149.5"
"McDonald’s","-0.08","-0.1","-0.86","10.01","8.59","45.95"
"Medtronic","0","0","7.04","13.83","11.37","55.23"
"Texas Instruments","0","0.2","-3.16","13.72","41","69.59"
"Costco","-0.54","-0.46","2.37","1.95","10","94.67"
"SAP ADR","8.83","1.08","-2.09","7.42","1.37","25.37"
"Morgan Stanley","2.44","1.8","10.16","30.38","94.83","62.04"
"Citigroup","2","2.09","8.98","26.19","54.58","13.09"
"Royal Dutch Shell ADR","0.51","-1.49","5.32","10.58","6.31","-42.94"
"Royal Dutch Shell B ADR","0","-1.51","2.82","10.07","8.79","-48.77"
"Honeywell","1.14","-0.03","0.08","5.94","41.43","48.95"
"Shopify Inc","2.98","14.52","13.58","10.35","32.46","798.21"
"AstraZeneca ADR","0.61","4.27","9.28","15.58","-8.61","61.09"
"China Life Insurance ADR","0","0","1.03","-7.51","-13.56","-23.75"
"Bristol-Myers Squibb","1.41","4.62","3.05","9.15","-2.75","31.25"
"Anheuser Busch Inbev","-0.5","-0.86","11.31","4.67","52.14","-20.28"
"Qualcomm","-0.17","1.82","-2.08","-12.75","46.49","129.93"
"Fomento Economico Mexicano UBD","-2.35","0.76","2.87","9.87","10.38","-0.56"
"Union Pacific","0.05","-2.29","0.4","8.56","22.42","62.39"
"Amgen","0","0","-0.59","11.87","-6.28","45"
"The Charles Schwab","1.76","-0.75","13.33","53.72","82.59","25.66"
"Rio Tinto ADR","-1.44","-1.4","0","14.33","40.34","51.34"
"Boeing","3.73","3.82","-0.25","10.46","48.64","-32.97"
"Sanofi ADR","0","0","0.19","8.43","-3.25","36.41"
"PetroChina ADR","0","0.36","12.99","35.96","1.27","-48.24"
"Volkswagen VZO","0","0","-14.37","35.13","47.72","26.89"
"China Mobile ADR","0","0","0","-2.5","-32.21","-39.87"
"BlackRock","1.99","0.85","6.64","21.78","44.15","62.53"
"Starbucks","-0.18","0.09","-6.23","3.95","23.52","95.32"
"Raytheon Technologies","1.6","2.43","9.36","20.63","27.19","7.12"
"Caterpillar","1.9","-1.88","4.23","33.84","87.09","54.4"
"IBM","0.62","0.36","1.65","15.51","6.88","1.58"
"HSBC ADR","0","0","7.65","21.73","7.65","-36.25"
"American Express","2.77","0.43","8.08","31.75","54.26","56.87"
"Total ADR","0","-0.43","4","6.69","9.22","-22.26"
"Goldman Sachs","0.97","-0.65","8.18","40.48","79.62","56.89"
"Inditex","6.87","6.87","17.71","25.24","31.43","27.41"
"Intuit","0","0.03","4.73","10.59","37.09","167.37"
"CVS Health Corp","0.9","6.94","19.13","31.68","22.39","38.52"
"3M","0.54","0.93","0.76","16.43","21.22","3.84"
"General Electric","1.54","0.06","-1.86","22.79","80.82","-4.42"
"Target","2.26","7.97","10.67","30.52","68.53","222.87"
"Diageo ADR","0","1.63","5.28","17.1","21.8","29.78"
"Kering","0","0","10.02","16.02","53.56","53.19"
"Coca Cola Femsa UB","-0.66","1.01","0.59","-2.28","-17.1","-18.15"
"Estee Lauder","0","0.63","-3.71","13.05","45.72","102.66"
"Lockheed Martin","0.31","-0.3","3.5","9.71","-8.23","22.44"
"Vale ADR","-3.09","-2.39","4.8","22.53","93.36","44.68"
"Enel","0","0","-1.71","4.7","27.77","70.34"
"Deutsche Tel.","0","10.23","10.23","15.46","23.18","33.58"
"Daimler","0","0","0","21.27","126.26","6.38"
"Anthem","1.38","5.15","31.28","29.45","22.84","70.49"
"GlaxoSmithKline ADR","0","0","6.76","6.32","-16.86","-3"
"Nippon Telegraph & Telephone Corp","0","0","0","-43.44","-43.44","-39.39"
"Stryker","0","0","-2.23","3.66","16.6","44.61"
"Booking","4.17","-1","-3.47","8.47","26.16","13.68"
"AMD","-0.72","4.29","-5.84","-15.2","24.57","506.56"
"Fidelity National Info","1","0.5","-1.09","6.93","-2.83","59.4"
"Altria","0","-0.99","4.21","23.75","15.65","-9.51"
"Uber Tech","-0.39","5.12","-11.83","-3.25","24.92",
"S&P Global","1.25","-0.15","-0.9","16.38","2.17","101.24"
"Micron","-0.26","1.53","-5.67","7.74","57.29","37.73"
"Cigna","0","-1.15","2.97","27.43","14.7","47.99"
"U.S. Bancorp","0","-3.3","4.92","33.36","64.3","19.19"
"Mondelez","1.94","1.75","7.73","10.39","7.32","68.65"
"Xiaomi","1.85","-0.66","-14.16","-48.38",,
"BP ADR","0.76","-0.14","8.85","25.95","1.34","-42.5"
"Prologis","0","2.35","3.92","18.35","17.36","86.05"
"Gilead","0.58","1.03","6.77","21.97","-16.5","4.44"
"Iberdrola","-4.29","-1.19","-6.6","-8.04","14.2","72.4"
"BNP Paribas","0","0","7.24","25.61","83.75","-10.03"
"Airbnb","-1.65","-4.16","-22.78",,,
"Coca Cola Femsa L","-0.24","0.99","-0.8","7.18","7.2","-14.56"
"China Petrol & Chemical ADR","0","0.58","3.76","16.06","2.75","-46.65"
"FedEx","2.13","0.89","12.36","21.05","132.88","26.91"
"General Motors","2.42","2.53","-0.35","36.91","93.36","54.34"
"TJX","-2.81","-6.43","-4.19","0.86","7.91","-14.83"
"Bank of Nova Scotia","0","5.94","5.94","23.84","51.99","6.65"
"NetEase","12.18","18.16","15.04","26.14","-72.08","-50.39"
"Fiserv","0.36","0.32","-8.66","0.59","-4.37","71.12"
"ConocoPhillips","1.22","0.99","13.45","40.07","10.02","-17.65"
"Sherwin-Williams","0.31","-0.39","4.27","-61.04","-58.12","-23.75"
"Cognizant A","0","0","0","4.42","12.73","0.98"
"Activision Blizzard","-0.68","3.31","3.59","3.16","14.54","36.53"
"Mitsubishi UFJ Financial ADR","0","0.96","-5.34","24.85","26.14","-8.62"
"Illinois Tool Works","0","0","0","2.36","44.16","38.77"
"Capital One Financial","1.7","3.25","20.53","87.7","103.72","81.44"
"Adidas","0","5","9.45","-1.2","30.54","63.89"
"Santander","-1.91","2.67","16.38","31.04","57.95","-34.89"
"Nintendo","0","2.39","-6.77","-13.85","12.62","40.67"
"MercadoLibre","0.05","3.47","-14.1","-18.58","43.11","368.52"
"ABB ADR","0","0","1.86","55.06","55.06","37.86"
"VMware","0","0","3.28","16.17","3.71","18.14"
"Bayer","0","-0.66","2.84","15.37","-10.43","-38.43"
"Stellantis NV","0","0","2.43","13.93","120.51","-9"
"Axa","0","-5.3","-3.41","9.17","37.01","2.16"
"Reckitt Benckiser","0","2.36","1.57","-15.43","-8.86","15.75"
"Moderna","-2.25","0.42","-6.67","56.08","105.26",
"Atlas Copco A","0","-4.85","-7.64","15.65","41.33","97.3"
"Vinci","0","0","2.29","8.54","15.82","16.98"
"ICE","0","0","-2.13","11.69","1.26","63.89"
"Petroleo Brasileiro Petrobras ADR","0.27","-2.09","11.44","-16.14","17.09","-37.67"
"Cemex","1.54","7.81","18.54","35.74","119.87","6.41"
"Ecolab","0","-5.4","-4.25","-4.53","-12.12","47.97"
"Northrop Grumman","-0.29","0.24","9.22","25.16","-4.61","14.27"
"Freeport-McMoran","0.37","-3.19","11.67","57.61","309","143.24"
"Edwards Lifesciences","0","0.38","-6.2","0.31","-64.11","-31.44"
"Intesa","0","0","0","3.55","27.6","-28.53"
"Illumina","2.13","5.18","-0.47","9.67","-1.07","49.45"
"Glencore","0","0","0","71.35","118.33","-22.37"
"BMW","0","0","-6.79","15.39","59.91","-7.6"
"Banco Santander Brasil ADR","0","0","0","-29.63","-29.63","-17.17"
"Emerson","0","2.45","2.45","19.54","39.5","30.66"
"UBS Group","0","0","-1.64","10.68","38.85","-2.06"
"Prudential Public ADR","0","0","-2.93","15.66","34.62","-15.78"
"NXP","0.3","3.48","-0.05","27.84","79.2","103.52"
"Vertex","0.25","0.21","-6.46","-7.28","-34.39","39.71"
"Wal Mart de Mexico","0.75","1.29","-3.34","12.33","12.67","24.86"
"Twilio","-0.08","6.85","-15.15","-9.88","33.9","564.56"
"Itau Unibanco","0","5.3","10.23","-13.31","14.49","-55.02"
"Kraft Heinz","0","-0.97","5.82","30.76","26.06","-23.58"
"Southern Copper","0","0","14.04","22.24","118.21","53.67"
"General Dynamics","0","0","1.26","25.75","18.55","-7.38"
"Ford Motor","7.66","14.12","11.07","53.39","106.5","19.34"
"ING ADR","0","0","3.55","36.66","99.39","-16.61"
"Honda Motor ADR","0","-2.88","0","-0.33","9.58","-8.93"
"Nio A ADR","-0.39","4.42","-15.28","-28.81","820.67",
"Ambev SA","-0.61","-0.2","13.89","8.43","30.94","-41.95"
"Ferrari NV","0","0","-9.3","-13.79","8.43","41.66"
"Infineon","1.13","3.53","-6.55","31.62","63.9","38.29"
"América Móvil","-0.6","2.04","3.24","3.31","2.04","-7.76"
"TAL Education","0","1.05","-22.19","-24.32","-20.73","13.07"
"Baidu","-1.4","2.56","-13.64","-11.64","59.25","-19.53"
"Lloyds Banking ADR","0","0","4.44","-18.95","-18.95","-33.7"
"America Movil A","0","-1.76","1.82","-3","0.34","-8.03"
"Walgreens Boots","0.6","0.66","3.94","39.39","21.23","-14.41"
"EOG Resources","0","-2.12","13.17","60.97","35.55","-27.93"
"Constellation Brands A","-2","2.63","0","9.14","22.29","11.97"
"LM Ericsson B ADR","0","3.85","-5.26","13.26","35","125"
"Exelon","0","0.57","-3.59","5.48","5.85","19.28"
"DuPont De Nemours","1.56","13.65","13.65","23.49","55.95","-12.02"
"ENI ADR","0","0","0","0","-5.09","-46.6"
"Schlumberger","0","-3.36","24.65","47.68","60","-57.01"
"Las Vegas Sands","1.48","3.01","-2.14","-2.53","8.91","-26.5"
"AIG","0","0","9.57","34.91","54","-6.61"
"Ross Stores","0.6","-5.43","-1.13","0.72","13.89","52.12"
"Barrick Gold","-0.01","3.5","12.55","8.71","-17.51","91.59"
"TE Connectivity","0","0","0","0","0","-3.93"
"Spotify Tech","0.48","4.67","-18.73","-28.22","4.32",
"Twitter Inc","-0.42","5.42","-17.91","1.12","46.28","66.31"
"Barclays ADR","0","1.49","-4.23","23.39","67.21","-9.89"
"Centene","3.26","6.99","16.4","24.36","-10.9",
"Biogen","-0.61","4.3","9.24","13.89","-19.67","1.82"
"PPG Industries","0","-1.05","2.62","50.3","67.87","74.85"
"Prudential Financial","0","0","6.53","36.89","57.31","4.92"
"Baxter","0","0","-1.7","6.99","-18.85","29.87"
"eBay","3.88","2.15","-3.17","22.71","24.45","64.99"
"BBVA","1.65","1.23","17.43","25.51","86.36","-16.89"
"Sempra Energy","1.48","1.48","1.86","8.3","-3.1","30.48"
"Banco Bradesco","0","0","8.33","3.19","1.83","-51.15"
"The Travelers","-0.54","0.68","29.83","29.83","40.03","22.45"
"CRH ADR","0","-2.32","3.43","23.5","42.23","37.43"
"Veeva Systems A","0","5.21","-4.06","-4.54","14.14",
"HP Inc","-1.31","-1.94","-5.73","30.01","63.39","59.41"
"Gmexico","-0.57","-2.55","13.08","18.08","113.98","59.87"
"Engie","0","0","-4.75","4.22","28.22","-1.56"
"DocuSign","0","4.99","-12.55","-14.64","28.34",
"Chipotle Mexican Grill","0","-4.72","-7.83","-5.97","20.31","214.17"
"Corning","-4.43","-4.43","-4.64","18.12","69.68","69.96"
"Saint Gobain","0","0","0","82.39","82.39","19.86"
"Southwest Airlines","0.87","-3.34","-1.46","30.1","85.13","22.42"
"Orange ADR","0","0","0","5.4","-0.86","-25.99"
"Hilton Worldwide","-0.7","-0.7","-3.76","12.96","35.74","45.96"
"ArcelorMittal ADR","0","-3.47","2.48","32.37","202.44","-5.9"
"Howmet","0","0","0","38.14","100.32","117.9"
"E.ON","0","0","18.85","13.38","6.22","15.21"
"McKesson","1.73","3.29","6.13","18.9","39.82","55.61"
"Valero Energy","0","-0.05","11.21","35.35","3.95","-35.44"
"Capgemini","0","1.99","1.99","18.2","64.81",
"Carnival Corp","-0.73","0.85","0.78","25.9","61.44",
"Deutsche Borse","0","0","-3.48","36.2","36.2","24.26"
"Nucor","2.04","-0.94","31.77","93.52","108.79","58.81"
"Deutsche Bank","0","0.33","19.71","30.76","75.83","9.57"
"Xilinx","0","0","6.77","-8.69","32.32","85.76"
"Ameriprise Financial","0.98","-1.11","3.92","32.79","59.24","76.99"
"Magna Intl","0","0","-1.59","49.64","111.24","39.77"
"Legrand","0","0","0","0","0","-11.41"
"Delta Air Lines","0.57","-1.09","-0.22","13.26","75.57","-13.12"
"Nokia ADR","-0.59","3.76","21.95","30.44","13.68","-17.96"
"Best Buy","0","0","1.94","14.62","17.71","57.54"
"RBC","-4.45","3.78","9.82","27.79","56.75","33.96"
"UniCredit","0","0","0","0","38.22","-42.61"
"Swiss Re","0","0","0","0","0","15.08"
"Telefonica ADR","0","7.93","32.11","26.68","-2.83","-43.65"
"Société Générale","0","0","23.53","57.13","105.79","-35.18"
"Michelin","0","0","0","13.27","39.69","6.73"
"Synchrony Financial","4.35","2.04","15.78","35.36","124.5","31.33"
"New Oriental Education&Tech","0","-2.88","-29.82","-93.36","-92.18","-87.81"
"Credit Suisse ADR","0","3.7","-0.03","-18.98","4.85","-35.79"
"Aena","0","0","0","6.68","22.94","-10.19"
"Dollar Tree","0.37","-9.89","-9.89","-3.52","16.87","17"
"Ecopetrol ADR","0","0","0","0","11.11","-43.83"
"International Paper","-0.2","-0.2","10.59","24.56","62.63","27.99"
"Canon ADR","0","0","0","23.25","-13.6","-31.37"
"Fresenius Medical Care","0","0","4.74","-17.08","3.78","-19.64"
"Lennar","0","-7.97","-3.34","22.51","55.74","91.32"
"DISH Network","0","0","0","10.88","1.76","-13"
"Martin Marietta Materials","0","-3.81","3.08","31.54","82.3","84.12"
"MetLife","0","0","4.13","41.64","72.32","37.56"
"Western Digital","0","7.26","6.75","34.34","47.74","-14.34"
"Siemens Gamesa","0","137.97","137.97","137.97","137.97","95.33"
"Ferrovial","0","-9.73","-1.34","-2.43","6.31","31.85"
"Teladoc Inc","-0.02","5.57","-22.14","-30.78","-30.09",
"Hewlett Packard","0","0","-1.23","32.64","53","-2.13"
"Royal Caribbean Cruises","-0.81","-0.15","-2.38","11.96","69.32","-21.26"
"China Unicom Hong Kong ADR","0","0","0","0","0","-45.77"
"Xylem","0","0","0","21.86","42.11",
"Halliburton","0","2.64","23.22","23.22","68.97","-54.79"
"Financiero Banorte","0.46","11.39","12.58","24.9","102.99","25.53"
"Elektra","0.08","0.25","12.2","22.15","17.98","215.81"
"Exor","0","0","0.64","16.11","18.63","10.36"
"MGM","1.9","3.41","-2.86","29.42","123.05","30.95"
"Cooper","0","0","0","6.25","18.54","79.91"
"Albemarle","0","2.27","-0.95","7.3","110.7","60.12"
"Raymond James Financial","0","0","0","0","0","-12.11"
"United Airlines Holdings","0.02","0.51","4.25","26.58","92.44","-21.79"
"Symrise AG","0","0","0","7.54","7.54","51.29"
"Telefonica Brasil SA","0","0","0","0","0","-2.17"
"Erste Bank","0","0","8.14","34.87","31.58","-21.49"
"Devon Energy","1.59","-1.66","20.23","63.78","85.14","-37.34"
"Carrefour","0","2.38","9.98","25.76","30.33","9.59"
"Teck Resources B","0","-5.43","11.63","36.2","126.42","-16.52"
"Check Point Software","0","0","0.43","-7.25","4.88","24.01"
"Masco","0","0","0.58","17.71","29.81","71.28"
"Westinghouse Air Brake","0","0","0","13.78","33.63",
"Textron","0","0","23.61","41.08","108.85","2.11"
"Wynn Resorts","-0.95","-0.39","1.09","11.68","40.23","-34.44"
"PulteGroup","0","0","0","22.62","44.97","81.1"
"Ryanair ADR","0","0","1.72","11.51","82.48",
"Ryanair","0","0","0","39.69","39.69","-7.93"
"American Airlines","0.43","1.58","7.41","43.06","102.94","-46.85"
"Citrix Systems","0","-1.51","-19.66","-11.73","-25.9","31.84"
"Koninklijke KPN","0","0","0","17.1","17.1","7.62"
"Aluminum China ADR","0","10.74","37.16","66.11","155.56","7.28"
"Tenaris","0","0","2.19","41.64","70.75","-42.59"
"Mosaic","2.59","5.94","11.31","64.25","168.32","39.7"
"Mtu Aero Engines Holding AG","0","0","5.48","-0.65","61.22","37.85"
"KB Financial","0","0","9.4","22.99","64.83","1.39"
"Aeroports Paris","0","0","0","-3.12","19.13","-43.17"
"Shinhan","0","0","9.73","5.66","5.66","-13.35"
"Steel Dynamics","0","-3.29","21.58","56.38","117.25","33.68"
"RH","0","-0.71","2.87","38.52","232.63","517.77"
"ABIOMED","1.05","2.27","-14.88","-10.18","18.75",
"Grifols Pref","0","0","1.73","-0.85","-22.97","-19.01"
"Allegion PLC","0","0","0","22.47","15.28","78.9"
"Gap","1.25","-7.8","-4.27","62.5","289.22","3.43"
"Newell Brands","0","0","0","0","3.25","-26.83"
"Autohome ADR","0","0","0","-3.32","21.93","-6.68"
"Teva ADR","0","0","-2.86","7.37","-25.21","-51.22"
"SID Nacional ADR","-2.52","-11.76","2.87","47.57","452.19","272.13"
"Lear","0","0","0","0","12.36","-30.59"
"Bausch Health","5.08","9.87","3.68","49.76","61.04","40.93"
"IPG Photonics","0","4.35","-11.09","-6.19","50.11","-17.66"
"Credicorp","0","0","5.49","5.49","-9.44","-33.98"
"Kingfisher","0","0","85.89","37.96","114.7","29.32"
"Norwegian Cruise Line","0.24","1.35","-2.67","13.69","80.59","-45.4"
"Accor","0","-3.68","-3.68","25.52","39.61","-28.56"
"Western Union","0","0","0","6.82","9.92","39.81"
"Empresas Cablevision","0","0","0","0","0","-13.39"
"Commerzbank","0","0","0","0","0","-23.51"
"Siemens","0","-6.05","-3.8","15.39","38.38","21.01"
"AGNC Invest","0","2.78","2.78","16.72","14.2","-0.16"
"Arca Continental","0.32","0.13","-2.33","13.93","15.49","-5.66"
"Weibo Corp","0","0","0","9.88","19.11","-50.3"
"Fresnillo","-2.33","-8.08","-9.59","-21.87","16.91","-32.25"
"Marathon Oil","0","-3.01","10.45","66.18","62.36","-46.34"
"Cleveland-Cliffs","-2.68","-5.41","0.57","23.6","245.21","117.37"
"Bimbo","-1.79","2.59","-4.8","-7.45","12.61","0.98"
"Flex","0","0","-4.72","-3.65","50.17","2.94"
"Ubisoft Entertainment SA","0","7.13","-8.8","-32.01","-11.59","-29.71"
"Becle","0.19","0.84","-0.37","-4.1","34.18","50.27"
"Crispr Therapeutics","-1.17","9.64","-11.41","-22.58",,
"VAT Group","0","0","0","34.98","44.11",
"Kohls Corp","0","-7.33","-9.66","32.39","166.75","-10.36"
"J Sainsbury","0","9.04","9.04","27.34","22.29","26.08"
"Under Armour A","0.05","0.05","-5.29","26.16","126.43","8.67"
"Lamercial","-1.59","1.96","-3.83","-16.44","47.26","98.22"
"First Solar","-0.79","5.21","-13.43","-23.52","49.26","13.23"
"Berkeley","0","0","0","6.18","9.3","67.5"
"Santander Mexico B","0.82","1.13","3.23","14.97","72.71","-12.81"
"Polaris Industries","0","0","0","45.82","88.31","24.28"
"APA Corp","0","5.32","18.25","50.96","55.37","-49.14"
"YY A","0","0","-13.05","16","39.36","-0.13"
"Cabot Oil&Gas","0","0","6.25","0.15","-21.29","-23.76"
"Grupo Televisa Unit","-0.57","0.14","-0.53","54.22","102.45","-27.64"
"Alcoa","-1.18","-7.43","2.92","55.94","285.26","-24.17"
"Weir Group","0","0","0","66.68","87.63","-5.16"
"GMexico Transportes","0.63","1.34","3.32","11.97","45.22","18.63"
"Timken","0","-0.72","10.01","15.96","83.51","108.43"
"Grupo Carso A1","-1.98","-0.95","-8.09","-13.97","19.95","-6.33"
"Topbuild Corp","0","0","13.6","13.6","113.06","213.79"
"United States Steel","-0.08","-5.46","1.95","42.18","190.38","-30.68"
"Megacable Cpo","2.75","-0.15","-6.16","1.66","10.38","-17.01"
"Nov","0","-5.02","-5.02","20.36","7.46","-61"
"Grupo Financiero Inbursa","0.26","0.83","-1.12","-3.34","34.65","-32.44"
"IENOVA","3.88","-3.64","-0.21","8.92","41.08","3.16"
"JetBlue","0","0","-8.49","18.5","68.05","0.88"
"Colgate-Palmolive","1.38","1.38","4.44","-0.24","4.01","39.03"
"Evercore","0","-0.48","4.64","70.82","85.47","133.17"
"Grupo Aeroportuario del Pacifico B","2.16","1.96","2.44","-4.73","-0.95","16.1"
"Procter&Gamble","-0.49","0.74","2.35","-0.63","4.28","87.99"
"El Puerto de Liverpool C","0.76","7.77","9.53","25.44","67.79","-23.24"
"Asur  B","0.99","10.31","21.36","18.9","20.48","17.34"
"El Puerto de Liverpool","4.82","8.33","13.65","16.78","31.88","-30.4"
"IDEAL B1","0","0","0","-2.5","11.43","25.81"
"Peñoles","-0.57","-5.57","-6.39","-14.74","61.83","-30.7"
"Orbia Advance","-0.79","-0.98","0.93","20.58","87.65","-0.83"
"Macy’s Inc","1.54","0.88","7.08","62.31","202.53","-41.45"
"Chemours Co","0","-0.41","13.72","21.54","111.71","-37.08"
"Gerdau ADR","0","-0.29","12.86","37.08","175.02","41.34"
"Axtel Cpo","0.18","1.31","-3.04","-12.84","79.8","25.4"
"Kimberly-Clark de Mexico A","-1.09","0.71","-5.88","4.15","6.69","7"
"Kimberly-Clark de Mexico B","0","0","2.96","2.96","-7.23","-6.59"
"Nomad Foods","0","11.11","11.11","7.45","30.11","133.58"
"TIM Participacoes","0","0","0","0","-4.15","-26.49"
"Meggitt","0","0","0","39.35","60.36","-9.86"
"Sabesp ADR","0","0","0","-36.61","-6.99","5.27"
"Spectris","0","0","0","0","11.93","6.37"
"Virgin Galactic Holdings","23.03","30.94","-2.93","-9.56","20.18",
"Gruma SAB de CV","1.69","-0.85","1.32","-3.76","20.61","3.8"
"MGIC Investment","0","0","0","-1.2","3.34","23.12"
"BlackBerry","-0.56","9.51","-1.23","30.75","64.79","-23.94"
"Fibra Uno Administracion SA de CV","0.89","-1.33","3.36","5.16","-20.04","-11.37"
"China Biologic","0","0","0","0","0","0"
"Goodyear Tire & Rubber Co","0","3.29","10.09","87.35","134.68","-24.45"
"Telesites SAB de CV","-0.37","0.32","-6.4","-13.01","29.37","28.84"
"KB Home","0","0","10.49","54.32","49.32","87.57"
"Braskem A","-4.08","-14.45","75.42","123.94","95.38","-25.21"
"Turkcell Iletisim Hizmetleri","0","0","0","6.48","-1.47",
"BRF ADR","0","0","-19.19","-9.25","-16.67","-41.66"
"Elis Services SA","0","0","0","7.1","51.32","-31.21"
"Companhia Brasileira de Distribuicao","-2.34","-4.99","-3.48","-49.2","-68.5","-69.88"
"Ultrapar Participacoes","0","0","0","0","0","-20.81"
"Acerinox","0","1.17","1.17","1.17","1.17","-41.5"
"Whirlpool","0","0","6.04","34.31","75.53","58.91"
"Range Resources","0","0","0","0","0","-54.4"
"Cie Automotive SA","0","0","0","7.03","52.06","-23.15"
"CEMIG Pref ADR","0","-1.25","0","-17.98","-31.82","11.11"
"Fonciere Lyonnais","0","-22.09","0","0","0","0"
"Alfa A","0.58","0.79","0.5","-2.64","19.86","-34.52"
"Simec B","0","2.92","44.05","75.46","183.02","120.48"
"COPEL Pref ADR","0","-80","-82.29","-80.43","-80.43","-83.6"
"Swatch Group","0","0","0","22.68","40.15","-37.74"
"3D Systems","9.33","23.06","22.45","168.05","205.93","105.11"
"Kansas City Southern","0","0","0","41.36","64.63","167.46"
"PINFRA","1.05","-1.73","-0.12","-12.38","-19.91","-20.73"
"Viscofan","0","0","0","0","66.68","15.89"
"Pfizer","0.12","0.05","3.84","8.88","-5.76","13.86"
"Ternium ADR","2.9","-2.12","-0.36","32.6","139.33","-0.01"
"Baozun Inc","0","19.06","-0.14","1.92","4.13","-27.59"
"Trinity Industries","0","1.6","1.6","3.19","28.25","-21.24"
"Industrias Ch B","0.08","0.98","7.67","47.63","81.42","55.25"
"Buenaventura Mining ADR","0","0","0","-22.27","22.63","-16.92"
"Mednax","0","0","0","19.09","162.2","-46.73"
"Moctezuma","0.02","-0.75","-2.04","4.36","16.83","-14.55"
"SINA Corp","0","0","0","9.14","5.99","-49.97"
"Bed Bath&Beyond","1.05","1.05","-10.07","25.59","216.72","32.51"
"Fluor","-2.15","-24.45","-15.74","-1.76","47.17","-67.64"
"Alpek SAB de CV","-2.12","5.36","6.4","36.57","61.95","-18.83"
"Qualitas Controladora","-0.55","1.1","-2.2","1.59","19.64","112.5"
"OMA B","-2.59","-4.87","-7.66","-3.36","38.95","25.65"
"Opko Health","0","3.29","-18.34","-12.2","21.21","-24.16"
"Grupo Cementos","-1.17","1.77","3.37","21.42","104.33","34.59"
"Transocean","0.69","-5.61","19.86","64.87","118.55","-71.93"
"ODP","0","0","-0.82","53.71","54.55","1923.81"
"Industrias Bachoco","-0.9","0.97","3.08","2.85","15.55","-18.1"
"Embraer ADR","0","4.97","10.21","86.53","120.45","-49.59"
"Promotora y Operadora de Infraestr","-0.97","0","-4.61","-4.32","-8.79","-18.11"
"Grupo Sanborns SAB de CV","-0.4","-2.23","5.91","2.28","-14.35","-3.34"
"Genworth","0","0","9.88","19.09","19.09","72.67"
"Controladora Vuela","-0.53","0.36","12.4","45.26","237.84","245.3"
"Vodafone Group ADR","1.11","-5.19","-4.99","11.28","11.28","-31.07"
"Grupo Nagoin","0.88","1.8","10.97","10.97","18.89",
"Stabilus","0","0","0","0","0","-42.23"
"FibroGen Inc","0","-3.98","-0.88","-47.06","-52.32","-60.37"
"Banco del Bajio","1.09","5.25","3.55","19.76","59.37","-12.62"
"Prologis Property Mexico","-0.89","3.37","2.36","0.27","10.6","26.37"
"Grupo LALA SA de CV","-0.61","1.39","1.25","-5.98","19.25","-33.18"
"Aleatica","0","-0.67","-5.23","-14.9","11.5","-24.57"
"Concentradora Fibra Danhos","0.17","0.42","-4.37","-0.99","26.54","-18.86"
"Air Transport Services","0","0","0","-9.27","14.69","29.62"
"Gol Linhas Aereas ADR","0","14.04","29.14","6.56","-34.01","24.12"
"Banregio Grupo Financiero O","1.64","5.37","4.05","15.91","78.63","-4.11"
"Silicon Motion","0","0","3.31","35.56","10.33","34.12"
"Soriana B","0.98","-0.38","-4.56","-8.26","1.38","-45.33"
"Rassini SAB de CV","0","0","0","0","0","14.65"
"Fragua B","0.96","-4.09","18.58","21.02","48.23","40.07"
"GoPro Inc","0","0","-8.95","15.41","102.28","85.33"
"Grupo Comercial Chedraui B","-0.78","-1.34","1.08","10.22","16.97","-18.66"
"Oi ADR Pref","0","0","-64.19","-64.19","-64.19","-64.19"
"Infraestructura Viable","0","-100","-100","-100","-100",
"BASF","0","0","0","36.53","46.45","-12.64"
"Bolsa Mexicana de Valores A","-0.88","1.06","1.03","-4.56","6.66","40.7"
"Alsea","-2.84","-1.87","-11.83","21.78","70.62","-54.63"
"Grupo Nacional Provincial","0","4.64","0","-7.26","153.86","219.44"
"Transportadora Gas ADR","0","0","-13.48","-22.78","-26","-75.26"
"Minera Frisco","1.44","1.92","-4.5","4.7","50.9","-41.6"
"Gigante","0","0","-0.51","-2.33","2.86","-29.61"
"FIBRA Terrafina","0.03","1.88","2.28","0.81","18.37","3.27"
"Cibanco","0.64","-1.12","0.18","2.7","41.11",
"Now Inc","0","-4.23","16.22","53.57","-21.82","1.42"
"Corporacion Inmobiliaria Vesta SAB","-0.18","-0.4","1.33","2.09","31.87","49.43"
"KUO A","0","0","0","-2.88","-0.98","19.53"
"Grupo Palacio 1","0","0","0","0","0","1.4"
"Genomma Lab B","0.24","-1.78","0","11.41","5.37","5.37"
"JinkoSolar","0","8.64","-12.41","-44.8","94.28","75.91"
"Nemak SAB de CV","-0.15","9.09","9.27","15.86","60.77","-50.91"
"KUO B","0","-0.21","-2.29","-1.66","-1.9","17.58"
"Hertz Global Holdings","0","0","0","0","-41.53","-88.6"
"Grupo Profuturo","-0.1","-1.57","-0.14","26.84","68.05","-14.94"
"Grupo Traxion","0.33","4.89","11.18","105.87","229.65","174.12"
"Gentera SAB de CV","0.09","5.7","13.01","14.29","14.64","-24.25"
"Herdez","-1.73","1.59","6.01","-13.25","36.49","10.41"
"Lamosa","0","5.66","15.48","29.71","94.16","25"
"Rotoplas SA de CV","0.03","4.42","-0.14","28.81","198.69","42.89"
"GBM O","0.49","-1.33","7.03","7.81","17.27","-16.64"
"Macquarie Mexico Real Estate","-0.96","-0.74","-5.4","-19.18","2.8","16.36"
"Bio Pappel SAB DE CV","1.12","3.55","10.75","20.81","309.24","251.67"
"Rassini SAB de CV A","0","0","0","0","0","9.85"
"RLH Properties","0","0.29","-1.75","-7.77","-4.7",
"Tec. Reunidas","0","0","0","0","-48.6","-63.29"
"Elementia SA de CV","-0.36","2.56","3.7","0","119.09","4.32"
"Controladora Nemak","-0.64","7.61","7.24","18.7",,
"Heidelbergcement","0","0","0","18.4","59.86","-5.51"
"Value GF","1.61","1.3","-12.59","-28.88","-31.3","-28.18"
"DIA","0","99.14","99.14","99.14","99.14","-92.53"
"Vitro A","2.43","-3.44","-5.98","-17.92","-30.93","-60.89"
"Bafar B","0","-1.26","0","-1.28","-3.75","0.49"
"Fibra MtyPI","-0.09","-0.77","1.75","0.61","13.01","-2.53"
"Unifin Financiera SAPI de CV SOFOM","-3.99","-2.34","-2.65","-11.34","-19.2","-62.39"
"Invex Control A","0","0","0","0","-8.11","-2.86"
"Grupo Posadas A","0","0.09","0.09","3.52","-7.35","-33.18"
"Dine A","0","0.31","0.31","6.67","68.42","45.45"
"McEwen Mining Inc","0","0","24.59","34","19.11","-35.89"
"Dine B","0","3.45","0","7.14","57.89","44.93"
"Grupo Industrial Saltillo SAB de CV","1.12","1.75","1.75","2.87","64.69","-0.07"
"Cultiba SAB","0.25","0.34","-5.44","-32.75","17.48","-11.05"
"Allianz","0","3.03","4.6","14.33","36.66","22.59"
"Concentradora HipotecariaPI","-1.39","1","3.17","-0.59","29.28","28.7"
"Cydsa A","-0.45","-2.22","-9.47","-36.54","-35.58","-55.85"
"Internacional  Ceramica B","0","-4.26","0","7.14","21.62","-11.76"
"Consorcio Aristos","0","0","0","0",,
"Consorcio Ara","1.12","-4.4","15.78","42.15","112.11","-16.2"
"Proyectos Inmobiliarios Carne Mart","0","-2.44","-6.32","8.11","7.77",
"Holding Monex SAB de CV","3","3","3","1.9","-6.65","-21.77"
"Proteak Uno SAB de CV","0.9","8.32","2.38","33.97","-6.67","-64.44"
"Vinte Viviendas Integrales","0","0","0.04","0.04","1.1","11.32"
"Planigrupo Latam","0","0","0","-8.11","-8.11","-8.11"
"Farmacias Benavides B","0","0","-4.76","-17.65","-17.65","-17.65"
"Grupo Financiero Multiva","0","0","0","-5.2","-34.96","-35.46"
"Actinver B","-0.48","-0.95","8.33","5.05","9.47","-20"
"Vista Oil Gas","8.12","17.13","19.34","19.34","-20.94","-64.66"
"CIE B","0","0","11.24","1.08","49.21","-49.73"
"Grupo Gicsa SA de CV","0.59","1.2","-5.32","-27.47","-47.76","-68.05"
"Minsa B","0","0","-14.22","-12.6","-7.69","-9.09"
"Pena VerdeB","0","0","0","0","0","0.39"
"Tv Azteca Cpo","1.15","1.75","5.22","21.58","37.17","-80.59"
"Servicios Corporativos Javer","0","0","0","0","0","-3.06"
"Concentradora Fibra Hotelera Mexicana","-0.34","3.33","-1.5","36.89","54.05","-46.29"
"Minera Autlan B","0.47","-1.15","-4.03","21.23","86.23","-31.39"
"Medica SUR B","4.76","0.09","3.12","-1.79","116.39","-16.88"
"Aeromexico","0.72","-1.76","-5.42","-26.09","-17.94","-77.4"
"Fibra Shop Portafolios InmobiliariosPI","-0.28","0","1","-7.46","4.9","-21.53"
"Accel B","0","0","0","0","3.15","73.08"
"Fibra Plus","5.14","-4.76","-11.24","-15.49","-27.65","-29.13"
"Grupo Hotelero Santa Fe SAB de CV","-1.01","-0.81","-1.01","17.51","22.81","-53.69"
"Grupo Mexicano de Desarrollo (GMD)","0","0","-3.64","-8.62","1.27","-29.3"
"Credito Real SAPI","-0.83","-6.23","-26.63","-41.87","-41.68","-69.95"
"Grupe SAB de CV","0","0.13","0.13","1","-7.09","-19.16"
"Financiera Independencia","0","-3.33","-3.33","-1.36","-11.04","39.42"
"Grupo Vasconia","3.9","3.7","12","11.96","11.96","12.45"
"Hoteles City Express SAB de CV","-0.78","-2.32","-14.59","15.54","10.68","-74.92"
"Finamex O","0","0","0","0","2.29","-18.64"
"FIBRA HD","0","1.79","-1.73","-17.28","-5.47","-53.24"
"Pasa B","0","15.24","15.24","0.41","-21.17","-49.67"
"Collado SA","0","0","-5.8","-5.8","-5.8","12.11"
"Administradora de Activos Fibra","-4.64","-11.71","-24.26","-23.7","-39.05","-72.25"
"Almaden Minerals","0","9.33","-1","16.08","9","-30.57"
"Air Liquide","0","0","-0.2","1.39","16.3","33.73"
"Cadu Inmobiliaria SA de CV","2.48","0.61","-4.9","-35.92","-37.74","-78.85"
"Mexicana Rest B","0","-0.99","-8.22","-13.73","-14.68","-57.68"
"Grupo Radio Centro A","0","0","0","-3.49","-29.61","-72.38"
"UTStarcom","0","2.43","-6.23","-7.96","-42.03","-73.59"
"Empresas ICA","0","0","0","0","0","0"
"Pochteca B","0","-0.16","-3.03","1.67","-6.31","-26.63"
"Grupo Sports","-1.33","-6.13","-17.56","-24.27","-64.18","-71.41"
"Tmm A","0.54","1.91","11.34","-6.52","-29.62","-1.06"
"Procorp SA B","0","0","0","-17.78","-17.78","-17.78"
"Diamond Offshore Drilling","0","0","0","0","0","-94.64"
"Convertidora Industrial SAB De CV","0","0","0","-7.89","-7.89","-14.63"
"Maxcom Telecom","-0.84","-1.05","-1.05","-11.32","-46.29","-86.22"
"Grupo Famsa A","-4.12","-6.06","-18.13","45.31","-76.52","-96.19"
"Desarrolladora Homex","0","-4","-17.24","-41.46","-53.85","-85"
"Goldgroup Mining Inc","0","-5.48","-1.43","21.05","35.29","-15.85"
"Sare Holding B","0","0","0","0","0","-79.07"
"Urbi Desarrollos Urbanos","0","-9.42","-29.68","-50","426.32","-9.65"
"Edoardos Martin B","0","0","0","0","0","0"
"Himexsa","0","0","0","0","0","0"
"Dinamico De Inversiones Bursatiles","0","0","0","0","11.61","6.44"
"Gbm Fondo Personas Morales Exentas","0.01","0.04","0.21","1.14","3.95","19.56"
"Gbm Inversiones Bursatiles Sa De","0.06","-0.23","0.66","-6.31","3.41","-18.81"
"Santander De Deuda Prevision Social","0","0","0","0","0","6.14"
"Vector Fondo Md Siid B","0","0","0","0","0","5.85"
"Bbva Bancomer Deuda Empresas Sa CV","0","0","0","0","0","5.18"
"Interacciones Pm 1 Sa De Cv Siid B","0","0","0","0","0","-0.01"
"Interacciones 1 Sa De Cv Siid B5","0","0","0","0","0","12.46"
"Valmex Corporativo Sa De Cv B1Nc","0","0","0","0","0","7.22"
"Upsite Mexico","0","0","0","-3.92",,
"Gafisa ADR","0","0","0","0","0","-72.65"
"Hsbc V3 Sa De Cv Sirv Bfp","0","0","0","0","0","-0.98"
"Inburex Sa De Cv Siid B","0","0","0","0","2.67","19.42"
"Santander De Deuda Gubernamental Sa","0","0","0","0","0.99","7.75"
"Valorum Tres Sa De Cv B","0","0","0","0","0","6.19"
"Value Monterrey Sa De Cv Sirv B","0.14","-0.74","-11.44","-37.05","-64.89","-65.16"
"Dinero Inbursa Sa De Cv B","0.01","0.04","0.17","0.85","2.29","15.45"
"Nikola","-4.19","0.21","6.56","-19.64",,
"Valmex De Rendimiento Sa De Cv Sirv","0","0","0","0","0","-3.91"
"Afirplus Sa De Cv Siid B","0.01","0.03","0.16","0.8","2.09","14.69"
"Latin 3 Sa De Cv C","0","0","0","0","0","5.68"
"Bbva Bancomer Indizado Sa Cv P","0.53","1.06","-0.83","4.93","37.25","6.33"
"Santander Plus De Corto Plazo Sa","0","0","0","0","0","5.79"
"Afircor Sa De Cv Sirv B","0.18","-0.13","1.56","16.17","17.53","31.31"
"Latin 5 Sa De Cv B","0","0","0","0","0","5.29"
"Gbm Valores De Deuda Sa De Cv Siid","0.01","0.02","0.12","0.78","2.7","15.93"
"Jumia Tech","0.97","19.25","-8.64","-34.91",,
"Fastly","3.09","5.85","-34.17","-48.65",,
"Peloton Interactive","2.99","6.47","1.19","-32.53","95.58",
