"name","symbol","close","var","capmarket","vol"
"Apple","AAPL","2.49K","-1.86%","41.65T","18.72K"
"Microsoft","MSFT","4.84K","-1.81%","36.52T","10.85K"
"Amazon.com","AMZN","64.65K","1.09%","32.61T","1.05K"
"Alphabet A","GOOGL","45.25K","0.21%","30.77T","331.00"
"Alphabet C","GOOG","45.86K","-0.22%","30.77T","197.00"
"Facebook","FB","6.24K","-0.62%","17.69T","6.15K"
"Alibaba ADR","BABAN","4.17K","0.03%","15.72T","25.33K"
"Tencent ADR","TCEHYN","1.57K","3.78%","14.67T","3.75K"
"Berkshire Hathaway B","BRKB","5.73K","-2.37%","13.12T","805.00"
"Tesla","TSLA","11.36K","-2.89%","10.99T","45.00K"
"Taiwan Semiconductor","TSMN","2.17K","-3.47%","10.01T","2.38K"
"JPMorgan","JPM","3.26K","0.14%","9.86T","1.27K"
"J&J","JNJ","3.38K","-0.12%","8.88T","922.00"
"Visa A","V","4.49K","-0.36%","8.87T","3.01K"
"Walmart","WMT","2.75K","-0.74%","7.73T","267.00"
"UnitedHealth","UNH","8.09K","-0.62%","7.63T","496.00"
"Louis Vuitton","MCN","15.21K","0.00%","7.56T","0.00"
"Bank of America","BAC","847.52","-0.24%","7.24T","4.63K"
"Mastercard","MA","7.18K","-0.51%","7.12T","787.00"
"NVIDIA","NVDA","11.16K","-1.50%","6.97T","2.56K"
"Samsung Electronics DRC","SMSNN","35.28K","0.00%","6.81T","0.00"
"Home Depot","HD","6.34K","-0.96%","6.81T","1.39K"
"Nestlé","NESNN","2.46K","0.00%","6.76T","0.00"
"Roche Holding Participation","ROGN","6.66K","0.00%","6.16T","0.00"
"Walt Disney","DIS","3.37K","-2.45%","6.11T","8.82K"
"PayPal Holdings Inc","PYPL","4.81K","-1.88%","5.68T","4.04K"
"Exxon Mobil","XOM","1.23K","2.24%","5.21T","420.00"
"ASML Holding","ASMLN","13.18K","0.00%","5.19T","0.00"
"Comcast","CMCSA","1.10K","-4.67%","5.04T","10.09K"
"L'Oréal","ORN","8.44K","0.00%","4.78T","0.00"
"Verizon","VZ","1.16K","-0.72%","4.74T","373.00"
"Coca-Cola","KO","1.08K","-0.84%","4.66T","502.00"
"Unilever ADR","ULN","1.20K","0.00%","4.65T","0.00"
"JD.com Inc Adr","JDN","1.35K","-1.89%","4.62T","4.26K"
"Adobe","ADBE","9.45K","-2.12%","4.56T","147.00"
"Oracle","ORCL","1.58K","1.22%","4.51T","472.00"
"AT&T","T","620.73","-3.13%","4.43T","12.86K"
"Cisco","CSCO","1.05K","-0.14%","4.42T","52.00"
"Intel","INTC","1.09K","-1.58%","4.42T","3.36K"
"Netflix","NFLX","9.65K","-0.97%","4.29T","881.00"
"Nike","NKE","2.70K","-0.17%","4.26T","2.93K"
"Chevron","CVX","2.20K","1.01%","4.22T","452.00"
"Abbott Labs","ABT","2.36K","0.00%","4.10T","0.00"
"AbbVie","ABBV","2.32K","-0.13%","4.08T","61.00"
"Merck&Co","MRK","1.58K","1.39%","4.00T","3.06K"
"PepsiCo","PEP","2.93K","0.00%","3.99T","0.00"
"Novartis ADR","NVSN","1.75K","0.00%","3.94T","0.00"
"Wells Fargo&Co","WFC","948.45","1.60%","3.92T","7.35K"
"Salesforce.com","CRM","4.26K","-1.04%","3.92T","475.00"
"BHP Billiton Ltd ADR","BHPN","1.44K","0.00%","3.85T","0.00"
"Accenture","ACNN","5.74K","0.00%","3.78T","0.00"
"United Parcel Service","UPS","4.22K","-0.60%","3.72T","6.00"
"Eli Lilly","LLY","3.85K","-1.63%","3.71T","24.00"
"Novo Nordisk ADR","NVON","1.59K","4.64%","3.62T","1.02K"
"Broadcom","AVGO","8.48K","0.00%","3.55T","0.00"
"Danaher","DHR","4.97K","-2.43%","3.54T","950.00"
"Thermo Fisher Scientific","TMO","9.15K","0.00%","3.52T","0.00"
"McDonald’s","MCD","4.62K","0.00%","3.42T","0.00"
"Costco","COST","7.60K","-0.22%","3.36T","1.04K"
"Medtronic","MDTN","2.63K","0.00%","3.35T","0.00"
"Texas Instruments","TXN","3.57K","-2.74%","3.30T","51.00"
"SAP ADR","SAPN","2.76K","0.00%","3.25T","0.00"
"Morgan Stanley","MS","1.73K","0.24%","3.24T","3.46K"
"Citigroup","C","1.52K","0.44%","3.20T","1.77K"
"Royal Dutch Shell ADR","RDSA","804.55","0.07%","3.14T","803.00"
"Royal Dutch Shell B ADR","RDSB","765.50","0.72%","3.14T","518.00"
"Honeywell","HON","4.47K","-0.07%","3.11T","912.00"
"China Life Insurance ADR","LFCN","202.82","0.00%","3.00T","0.00"
"Union Pacific","UNP","4.44K","-1.94%","2.95T","3.10K"
"Anheuser Busch Inbev","ANB","1.50K","0.00%","2.94T","0.00"
"Fomento Economico Mexicano UBD","FEMSAUBD","162.62","-0.88%","2.91T","1.97M"
"AstraZeneca ADR","AZNN","1.10K","0.18%","2.90T","5.35K"
"Qualcomm","QCOM","2.56K","-1.82%","2.90T","412.00"
"Bristol-Myers Squibb","BMY","1.27K","-1.43%","2.89T","12.00"
"Amgen","AMGN","5.09K","0.00%","2.87T","0.00"
"Rio Tinto ADR","RION","1.74K","0.00%","2.84T","0.00"
"The Charles Schwab","SCHW","1.45K","-0.73%","2.84T","1.45K"
"Shopify Inc","SHOPN","21.60K","-0.46%","2.70T","15.00"
"Caterpillar","CAT","4.85K","0.01%","2.65T","872.00"
"Boeing","BA","4.50K","-0.71%","2.64T","4.79K"
"Sanofi ADR","SNYN","1.04K","0.00%","2.64T","0.00"
"PetroChina ADR","PTRN","832.00","0.00%","2.62T","0.00"
"Raytheon Technologies","RTX","1.69K","0.82%","2.59T","49.00"
"Starbucks","SBUX","2.19K","-0.72%","2.59T","3.62K"
"Volkswagen VZO","VOW3N","4.99K","0.00%","2.57T","0.00"
"IBM","IBM","2.88K","0.19%","2.56T","516.00"
"BlackRock","BLK","16.84K","-1.27%","2.56T","1.95K"
"Fomento Economico Mexicano UBD","FEMSAUBD","143.14","-0.09%","2.55T","6.16M"
"China Mobile ADR","CHLN","545.00","0.00%","2.54T","0.00"
"HSBC ADR","HBCN","633.00","0.00%","2.53T","0.00"
"Total ADR","TOTN","940.00","0.00%","2.52T","0.00"
"American Express","AXP","3.12K","0.00%","2.49T","0.00"
"Goldman Sachs","GS","7.25K","-0.84%","2.48T","18.00"
"Inditex","ITXN","756.93","0.00%","2.42T","0.00"
"3M","MMM","4.00K","0.00%","2.35T","0.00"
"General Electric","GE","260.00","-1.46%","2.28T","1.46K"
"Intuit","INTU","8.27K","-0.91%","2.27T","8.47K"
"CVS Health Corp","CVS","1.65K","-1.47%","2.20T","1.05K"
"Diageo ADR","DEON","3.70K","0.00%","2.20T","0.00"
"Vale ADR","VALEN","425.50","1.79%","2.18T","127.00"
"Lockheed Martin","LMT","7.76K","-0.16%","2.15T","63.00"
"Coca Cola Femsa UB","FEMSAUB","119.00","0.00%","2.13T","0.00"
"Estee Lauder","EL","5.87K","-0.55%","2.13T","871.00"
"Kering","KERN","16.88K","0.00%","2.12T","0.00"
"Target","TGT","4.16K","-0.74%","2.07T","860.00"
"Enel","ENELN","201.87","0.00%","1.99T","0.00"
"Deutsche Tel.","DTEN","379.35","0.00%","1.97T","0.00"
"GlaxoSmithKline ADR","GSKN","774.00","0.00%","1.94T","0.00"
"Daimler","DAIN","1.65K","0.00%","1.91T","0.00"
"Anthem","ANTM","7.82K","3.71%","1.91T","371.00"
"Stryker","SYK","4.96K","0.00%","1.88T","0.00"
"Nippon Telegraph & Telephone Corp","NTT1N","526.81","0.00%","1.87T","0.00"
"Altria","MO","1000.00","0.01%","1.84T","15.00"
"Fidelity National Info","FIS","2.99K","0.00%","1.83T","0.00"
"U.S. Bancorp","USB","1.24K","0.39%","1.83T","1.97K"
"Booking","BKNG","44.03K","-4.97%","1.81T","55.00"
"Cigna","CI","5.25K","0.00%","1.80T","0.00"
"AMD","AMD","1.48K","-0.55%","1.79T","4.04K"
"S&P Global","SPGI","7.41K","-2.29%","1.79T","1.24K"
"BP ADR","BPN","529.75","0.00%","1.79T","0.00"
"Micron","MU","1.59K","0.51%","1.78T","19.34K"
"Uber Tech","UBER","935.67","-0.94%","1.76T","375.77K"
"Mondelez","MDLZ","1.24K","-0.90%","1.74T","199.00"
"TJX","TJX","1.43K","0.00%","1.72T","0.00"
"BNP Paribas","BNPN","1.33K","0.00%","1.71T","0.00"
"Gilead","GILD","1.38K","0.16%","1.71T","1.73K"
"Xiaomi","1810N","73.99","-3.80%","1.68T","303.00"
"Prologis","PLD","2.28K","0.00%","1.67T","0.00"
"Iberdrola","IBEN","266.16","0.00%","1.67T","0.00"
"China Petrol & Chemical ADR","SNPN","1.05K","0.58%","1.64T","131.00"
"Coca Cola Femsa L","KOFUBL","96.71","-0.47%","1.63T","612.80K"
"FedEx","FDX","6.12K","-0.54%","1.62T","557.00"
"General Motors","GM","1.11K","0.39%","1.61T","4.79K"
"Bank of Nova Scotia","BNS","1.24K","0.00%","1.59T","0.00"
"Airbnb","ABNB","2.62K","-6.09%","1.59T","3.05K"
"ConocoPhillips","COP","1.15K","3.46%","1.56T","3.83K"
"NetEase","NTESN","2.04K","0.00%","1.53T","0.00"
"Sherwin-Williams","SHW","5.62K","-1.05%","1.50T","1.44K"
"Fiserv","FISV","2.23K","-2.23%","1.49T","100.00"
"Illinois Tool Works","ITW","4.16K","0.00%","1.48T","0.00"
"Coca Cola Femsa L","KOFUBL","87.79","-0.80%","1.48T","2.56M"
"Cognizant A","CTSH","1.49K","0.00%","1.47T","0.00"
"Capital One Financial","COF","3.17K","2.71%","1.44T","1.43K"
"Mitsubishi UFJ Financial ADR","MUFGN","115.49","0.96%","1.42T","25.00"
"Activision Blizzard","ATVI","1.83K","-0.70%","1.42T","24.00"
"Adidas","ADSN","7.00K","1.91%","1.39T","22.00"
"Santander","SAN","78.85","5.13%","1.39T","32.17K"
"VMware","VMW","3.24K","0.00%","1.36T","0.00"
"ABB ADR","ABBN","671.39","0.00%","1.35T","0.00"
"Nintendo","NTDOYN","11.00K","0.00%","1.35T","0.00"
"Bayer","BAYNN","1.37K","-0.66%","1.34T","3.71K"
"MercadoLibre","MELIN","26.40K","0.00%","1.32T","0.00"
"Axa","AXAN","570.19","0.00%","1.31T","0.00"
"Stellantis NV","STLAN","358.50","0.00%","1.30T","0.00"
"Freeport-McMoran","FCX","865.00","2.37%","1.28T","56.35K"
"Atlas Copco A","ACOFN","1.23K","-2.47%","1.27T","1.53K"
"Moderna","MRNA","3.16K","-1.24%","1.27T","6.13K"
"Vinci","DGN","2.27K","0.00%","1.27T","0.00"
"Reckitt Benckiser","RBN","1.78K","0.00%","1.27T","0.00"
"ICE","ICE","2.29K","0.00%","1.25T","0.00"
"Petroleo Brasileiro Petrobras ADR","PBRN","192.11","0.58%","1.25T","3.78K"
"Ecolab","ECL","4.41K","-1.65%","1.25T","25.00"
"Cemex","CEMEXCPO","13.94","1.54%","1.24T","104.50M"
"Southern Copper","SCCO","1.58K","0.00%","1.20T","0.00"
"Glencore","GLENN","80.50","0.00%","1.20T","0.00"
"Northrop Grumman","NOC","7.40K","0.00%","1.19T","0.00"
"Intesa","ISPN","45.81","0.00%","1.18T","0.00"
"Emerson","EMR","1.81K","0.00%","1.13T","0.00"
"BMW","BMWM5N","2.00K","0.00%","1.12T","0.00"
"Vertex","VRTX","4.28K","0.00%","1.11T","0.00"
"Banco Santander Brasil ADR","BSBRN","152.00","0.00%","1.11T","0.00"
"Illumina","ILMN","7.58K","0.00%","1.10T","0.00"
"Edwards Lifesciences","EW","1.78K","-0.71%","1.10T","2.06K"
"Prudential Public ADR","PUKN","863.98","0.00%","1.09T","0.00"
"Wal Mart de Mexico","WALMEX","62.32","0.24%","1.09T","9.13M"
"Itau Unibanco","ITUBN","101.10","0.00%","1.08T","0.00"
"UBS Group","UBSN","312.42","0.00%","1.08T","0.00"
"General Dynamics","GD","3.73K","0.00%","1.07T","0.00"
"Kraft Heinz","KHC","872.00","0.00%","1.06T","0.00"
"NXP","NXPIN","3.87K","0.00%","1.04T","0.00"
"Wal Mart de Mexico","WALMEX","59.68","-0.12%","1.04T","31.18M"
"Ambev SA","ABEVN","66.07","0.52%","1.03T","211.00"
"Twilio","TWLO","5.74K","-3.04%","1.02T","3.71K"
"Nio A ADR","NION","664.00","1.17%","1.02T","148.81K"
"ING ADR","INGN","263.00","0.00%","1.02T","0.00"
"Honda Motor ADR","HMCN","591.01","-4.01%","1.01T","21.00"
"TAL Education","TALN","950.00","0.00%","991.15B","0.00"
"Baidu","BIDUN","3.73K","1.04%","988.90B","620.00"
"EOG Resources","EOG","1.64K","0.00%","982.30B","0.00"
"America Movil A","AMXA","14.81","0.00%","982.16B","0.00"
"Infineon","IFXN","749.58","0.00%","981.53B","0.00"
"América Móvil","AMXL","14.79","0.75%","978.84B","33.52M"
"Ferrari NV","RACEN","3.86K","0.00%","977.70B","0.00"
"Ford Motor","F","239.77","1.92%","959.11B","4.70K"
"Lloyds Banking ADR","LYGN","47.01","0.00%","953.62B","0.00"
"Walgreens Boots","WBA","1.10K","0.61%","945.43B","650.00"
"Schlumberger","SLBN","654.00","0.00%","941.72B","10.00"
"Constellation Brands A","STZ","4.67K","1.02%","922.85B","2.23K"
"América Móvil","AMXL","13.39","-1.11%","920.89B","82.12M"
"Ross Stores","ROST","2.54K","-2.37%","905.78B","2.42K"
"ENI ADR","EN","419.50","0.00%","898.75B","0.00"
"DuPont De Nemours","DD","1.49K","0.00%","897.77B","0.00"
"Barrick Gold","GOLDN","499.75","4.69%","888.02B","22.07K"
"TE Connectivity","TELN","1.82K","0.00%","876.80B","0.00"
"AIG","AIG","1.00K","0.00%","875.28B","0.00"
"Exelon","EXC","886.00","0.57%","871.46B","565.00"
"LM Ericsson B ADR","ERICN","260.00","0.00%","871.37B","0.00"
"Las Vegas Sands","LVS","1.13K","0.00%","857.65B","0.00"
"Barclays ADR","BCSN","201.00","0.00%","851.51B","0.00"
"PPG Industries","PPG","3.57K","0.00%","843.37B","0.00"
"Prudential Financial","PRU","2.08K","0.00%","841.30B","0.00"
"Spotify Tech","SPOTN","4.33K","-1.03%","840.20B","281.00"
"Biogen","BIIB","5.64K","3.65%","834.96B","84.00"
"eBay","EBAY","1.22K","1.71%","831.23B","74.00"
"Twitter Inc","TWTR","1.04K","1.73%","830.33B","4.58K"
"Baxter","BAX","1.70K","0.00%","824.00B","0.00"
"Sempra Energy","SRE","2.70K","0.00%","823.61B","0.00"
"HP Inc","HPQ","652.00","0.77%","814.28B","29.00"
"Centene","CNC","1.40K","2.57%","813.25B","24.00"
"BBVA","BBVA","120.00","-1.23%","801.09B","9.30K"
"Banco Bradesco","BBDN","91.00","0.00%","798.80B","0.00"
"The Travelers","TRV","3.16K","0.00%","797.02B","0.00"
"CRH ADR","CRHN","1.01K","0.00%","791.70B","0.00"
"Gmexico","GMEXICOB","100.33","-0.20%","780.68B","3.76M"
"Gmexico","GMEXICOB","99.33","-0.57%","772.27B","21.97M"
"Veeva Systems A","VEEV","4.89K","-1.75%","746.43B","4.62K"
"Cemex","CEMEXCPO","16.87","1.26%","745.88B","12.36M"
"Corning","GLW","909.00","0.00%","744.10B","0.00"
"Chipotle Mexican Grill","CMG","28.16K","0.00%","741.39B","0.00"
"Engie","ENGIN","306.45","0.00%","738.94B","0.00"
"Southwest Airlines","LUV","1.23K","-1.25%","726.36B","415.00"
"DocuSign","DOCU","3.71K","0.00%","717.70B","20.00"
"ArcelorMittal ADR","MTN","642.26","0.00%","701.91B","0.00"
"Saint Gobain","SGON","1.20K","0.00%","696.89B","0.00"
"Orange ADR","ORANN","252.50","0.00%","682.68B","0.00"
"Hilton Worldwide","HLT","2.44K","0.00%","670.50B","0.00"
"E.ON","EOANN","250.36","0.00%","662.89B","0.00"
"Valero Energy","VLO","1.53K","0.00%","659.87B","0.00"
"Howmet","HWM","623.00","0.00%","639.98B","0.00"
"Nucor","NUE","2.10K","3.04%","629.26B","10.00"
"McKesson","MCK","3.96K","0.75%","623.74B","200.00"
"Capgemini","CAPGN","3.67K","0.74%","621.89B","42.00"
"Deutsche Borse","DB1N","3.38K","0.00%","615.81B","0.00"
"Carnival Corp","CCL1N","545.00","1.03%","615.36B","846.00"
"Best Buy","BBY","2.36K","0.00%","594.85B","0.00"
"Delta Air Lines","DAL","923.70","0.62%","591.45B","821.00"
"Ameriprise Financial","AMP","5.15K","0.00%","589.50B","0.00"
"Deutsche Bank","DBN","280.40","0.00%","581.11B","0.00"
"Magna Intl","MGAN","1.86K","0.00%","578.50B","0.00"
"Xilinx","XLNX","2.66K","0.00%","574.27B","0.00"
"Legrand","LRN","1.37K","0.00%","569.48B","0.00"
"Swiss Re","SRENN","2.10K","0.00%","556.05B","0.00"
"RBC","RYN","1.99K","0.00%","555.00B","0.00"
"Nokia ADR","NOKN","96.01","-1.52%","553.53B","877.00"
"UniCredit","UCGN","223.53","0.00%","552.22B","0.00"
"Synchrony Financial","SYF","926.00","2.66%","539.61B","132.00"
"Société Générale","GLEN","631.68","0.00%","534.47B","0.00"
"Michelin","MLNN","2.97K","0.00%","533.53B","0.00"
"Telefonica ADR","TEFN","94.51","0.00%","532.95B","0.00"
"New Oriental Education&Tech","EDUN","245.22","4.41%","527.67B","9.50K"
"Ecopetrol ADR","ECN","250.00","0.00%","527.04B","0.00"
"Aena","AENAN","3.54K","0.00%","519.01B","0.00"
"Dollar Tree","DLTR","2.17K","-9.73%","507.50B","1.40K"
"Credit Suisse ADR","CSN","207.00","3.50%","506.95B","162.00"
"International Paper","IP","1.25K","0.00%","496.65B","0.00"
"Lennar","LEN","1.94K","-7.97%","477.63B","830.00"
"Canon ADR","CAJN","457.05","0.00%","476.60B","0.00"
"Fresenius Medical Care","FMEN","1.61K","0.00%","474.29B","0.00"
"DISH Network","DISH","791.66","0.00%","471.44B","0.00"
"Martin Marietta Materials","MLM","7.47K","0.00%","463.88B","0.00"
"Western Digital","WDC","1.49K","8.57%","463.20B","24.00"
"MetLife","MET","1.31K","0.00%","443.42B","0.00"
"Ferrovial","FERN","599.10","0.00%","437.57B","0.00"
"Royal Caribbean Cruises","RCL","1.68K","0.66%","425.66B","807.00"
"Hewlett Packard","HPE","321.00","0.00%","425.65B","0.00"
"Teladoc Inc","TDOC","2.70K","1.47%","419.81B","184.00"
"Xylem","XYL","2.03K","0.00%","418.55B","0.00"
"Halliburton","HAL","455.00","0.00%","418.46B","34.00"
"Siemens Gamesa","SGREN","270.87","0.00%","416.26B","0.00"
"China Unicom Hong Kong ADR","CHUN","145.78","0.00%","412.40B","0.00"
"Elektra","ELEKTRA","1.61K","-0.08%","395.43B","67.51K"
"Exor","EXO1N","1.68K","0.00%","379.02B","0.00"
"Cooper","COO","7.81K","0.00%","377.40B","0.00"
"MGM","MGM","757.55","-2.25%","375.95B","388.00"
"Albemarle","ALB","3.12K","0.00%","364.27B","0.00"
"Devon Energy","DVN","540.00","3.92%","364.02B","5.17K"
"Raymond James Financial","RJF","1.71K","0.00%","363.98B","0.00"
"Financiero Banorte","GFNORTEO","125.90","1.99%","363.20B","4.67M"
"United Airlines Holdings","UAL","1.12K","2.59%","362.04B","321.80K"
"Telefonica Brasil SA","VIVN","266.96","0.00%","354.30B","0.00"
"Teck Resources B","TECKN","523.50","3.14%","353.02B","292.00"
"Symrise AG","SY1N","2.53K","0.00%","342.53B","0.00"
"Elektra","ELEKTRA","1.39K","0.29%","340.91B","120.60K"
"Carrefour","CAN","417.20","2.38%","335.87B","16.81K"
"Erste Bank","EBON","755.94","0.00%","328.84B","0.00"
"Masco","MAS","1.27K","0.00%","320.29B","0.00"
"Check Point Software","CHKPN","2.36K","0.00%","312.91B","0.00"
"Textron","TXT","1.33K","0.00%","304.86B","0.00"
"Financiero Banorte","GFNORTEO","105.06","1.02%","302.88B","10.21M"
"PulteGroup","PHM","1.08K","0.00%","301.61B","0.00"
"Westinghouse Air Brake","WAB","1.54K","0.00%","300.54B","0.00"
"American Airlines","AAL","461.49","4.12%","296.04B","16.81K"
"Ryanair ADR","RYAAYN","2.33K","0.00%","290.21B","0.00"
"Ryanair","RYAN","361.45","0.00%","290.17B","0.00"
"Citrix Systems","CTXS","2.33K","0.00%","287.01B","0.00"
"Wynn Resorts","WYNN","2.44K","-2.43%","285.33B","1.29K"
"Koninklijke KPN","KPNN","69.45","0.00%","285.01B","0.00"
"Aluminum China ADR","ACHN","270.00","0.00%","280.78B","0.00"
"Mosaic","MOS","673.95","0.00%","278.38B","0.00"
"Tenaris","TS","230.50","0.00%","278.14B","0.00"
"Steel Dynamics","STLD","1.28K","0.03%","269.62B","1.06K"
"Gap","GPS","715.23","1.45%","269.39B","75.00"
"Mtu Aero Engines Holding AG","MTXN","4.89K","0.00%","268.11B","0.00"
"Aeroports Paris","ADPN","2.46K","0.00%","265.54B","0.00"
"KB Financial","KBN","1.05K","0.00%","264.62B","0.00"
"RH","RH","12.55K","-0.71%","263.00B","15.00"
"Shinhan","SHGN","739.64","0.00%","259.68B","0.00"
"Grifols Pref","GRFPN","365.70","0.00%","253.07B","0.00"
"SID Nacional ADR","SIDN","194.00","0.00%","250.69B","0.00"
"Allegion PLC","ALLEN","2.64K","0.00%","247.24B","0.00"
"Newell Brands","NWL","381.00","0.00%","246.80B","0.00"
"ABIOMED","ABMD","5.48K","0.00%","239.92B","0.00"
"Autohome ADR","ATHMN","1.90K","0.00%","239.48B","0.00"
"Teva ADR","TEVAN","204.00","0.00%","228.11B","0.00"
"Credicorp","BAPN","2.83K","0.00%","226.88B","0.00"
"Lear","LEA","2.72K","0.00%","220.04B","0.00"
"Kingfisher","KGFN","101.83","0.00%","217.59B","0.00"
"Norwegian Cruise Line","NCLHN","568.89","-0.07%","211.31B","2.95K"
"IPG Photonics","IPGP","3.84K","0.00%","208.12B","0.00"
"Bausch Health","BHCN","568.41","0.73%","207.34B","7.00"
"Cleveland-Cliffs","CLF","411.00","8.27%","206.34B","721.00"
"Western Union","WU","482.00","0.00%","201.47B","0.00"
"Kohls Corp","KSS","1.26K","8.87%","199.83B","208.50K"
"Accor","ACCN","791.18","0.00%","199.73B","0.00"
"Siemens","SIEN","3.47K","0.00%","198.05B","0.00"
"Empresas Cablevision","CABLECPO","48.50","0.00%","198.04B","0.00"
"Commerzbank","CBKN","180.58","0.00%","195.04B","0.00"
"Marathon Oil","MRO","234.62","0.69%","190.96B","16.00"
"Arca Continental","AC","107.84","-0.70%","190.28B","1.04M"
"Weibo Corp","WBN","1.01K","0.00%","190.10B","0.00"
"AGNC Invest","AGNC","360.00","0.00%","189.05B","0.00"
"Fresnillo","FRES","239.90","-5.92%","188.70B","336.00"
"Bimbo","BIMBOA","39.50","1.03%","178.81B","3.59M"
"Bimbo","BIMBOA","39.30","2.70%","176.86B","9.49M"
"Becle","CUERVO","47.38","0.02%","175.32B","408.51K"
"Under Armour A","UAA","430.00","0.00%","174.99B","0.00"
"Flex","FLEXN","343.00","0.00%","172.78B","0.00"
"Arca Continental","AC","94.77","0.45%","167.87B","1.97M"
"APA Corp","APA","425.71","5.32%","165.66B","16.00"
"J Sainsbury","SBRYN","69.03","0.00%","165.39B","0.00"
"VAT Group","VACNN","5.57K","0.00%","165.09B","0.00"
"Lamercial","LACOMERUBC","37.85","1.91%","164.42B","181.09K"
"Crispr Therapeutics","CRSPN","2.12K","0.00%","163.68B","0.00"
"Ubisoft Entertainment SA","UBIN","1.32K","0.00%","162.08B","0.00"
"Polaris Industries","PII","2.84K","0.00%","160.62B","0.00"
"Berkeley","BKGN","1.21K","0.00%","158.76B","0.00"
"Becle","CUERVO","43.15","6.02%","157.67B","2.62M"
"Santander Mexico B","BSMXB","23.01","-0.61%","156.17B","249.80K"
"First Solar","FSLR","1.42K","-1.39%","150.45B","24.00"
"Alcoa","AA1","778.26","0.00%","150.24B","0.00"
"YY A","YYN","1.97K","0.00%","147.91B","0.00"
"Cabot Oil&Gas","COG","340.01","0.00%","144.65B","0.00"
"United States Steel","X","521.28","1.03%","140.59B","19.56K"
"Nov","NOV","348.50","0.00%","138.69B","0.00"
"Grupo Televisa Unit","TLEVISACPO","50.09","-0.73%","138.06B","2.81M"
"Timken","TKR","1.79K","0.00%","135.14B","0.00"
"Topbuild Corp","BLD","4.45K","0.00%","134.69B","0.00"
"Weir Group","WEIRN","498.20","0.00%","133.30B","0.00"
"Grupo Carso A1","GCARSOA1","58.18","1.34%","131.72B","149.80K"
"GMexico Transportes","GMXT","32.47","-0.82%","130.95B","104.94K"
"IENOVA","IENOVA","87.32","-0.43%","126.78B","3.24M"
"Megacable Cpo","MEGACPO","73.99","-0.08%","126.72B","268.44K"
"JetBlue","JBLU","369.72","0.00%","124.83B","0.00"
"Megacable Cpo","MEGACPO","72.24","-0.47%","124.19B","1.67M"
"Grupo Financiero Inbursa","GFINBURO","18.86","3.98%","123.97B","7.12M"
"Grupo Financiero Inbursa","GFINBURO","19.23","-0.42%","123.70B","1.14M"
"Evercore","EVR","2.93K","0.00%","118.95B","0.00"
"Grupo Aeroportuario del Pacifico B","GAPB","211.64","2.16%","118.65B","1.15M"
"Macy’s Inc","M","379.00","5.32%","117.69B","467.01K"
"Procter&Gamble","PG","2.74K","0.00%","117.40B","0.00"
"Colgate-Palmolive","CL","1.66K","0.00%","117.12B","0.00"
"Grupo Carso A1","GCARSOA1","51.84","4.63%","117.09B","1.03M"
"Asur  B","ASURB","391.43","0.99%","117.02B","736.59K"
"IDEAL B1","IDEALB1","39.00","0.00%","116.75B","0.00"
"Orbia Advance","ORBIA","56.79","-0.35%","114.49B","2.05M"
"Peñoles","PEOLES","287.15","-0.57%","114.21B","672.77K"
"Chemours Co","CC","659.00","0.00%","113.64B","0.00"
"Peñoles","PEOLES","285.15","3.77%","112.88B","227.29K"
"Gerdau ADR","GGBN","131.29","0.00%","111.10B","0.00"
"TIM Participacoes","TSUN","272.00","0.00%","110.53B","0.00"
"Asur  B","ASURB","367.20","-1.45%","110.33B","193.00K"
"Grupo Aeroportuario del Pacifico B","GAPB","223.76","-1.23%","109.32B","561.63K"
"Axtel Cpo","AXTELCPO","5.34","-0.37%","109.17B","404.14K"
"El Puerto de Liverpool C","LIVEPOLC1","81.10","0.06%","108.72B","145.83K"
"Kimberly-Clark de Mexico A","KIMBERA","35.27","0.09%","108.60B","1.59M"
"Kimberly-Clark de Mexico B","KIMBERB","35.16","0.00%","108.26B","0.00"
"El Puerto de Liverpool","LIVEPOL1","80.31","0.00%","107.79B","0.00"
"Meggitt","MGGTN","114.48","0.00%","106.99B","0.00"
"Sabesp ADR","SBSN","148.96","0.00%","106.93B","0.00"
"IENOVA","IENOVA","72.81","0.20%","106.51B","1.47M"
"Kimberly-Clark de Mexico A","KIMBERA","33.45","0.03%","105.15B","8.64M"
"Nomad Foods","NOMDN","535.00","0.00%","101.13B","0.00"
"Spectris","SXSN","737.51","0.00%","100.67B","0.00"
"Gruma SAB de CV","GRUMAB","228.02","1.69%","98.83B","2.94M"
"Orbia Advance","ORBIA","48.79","3.37%","97.88B","4.07M"
"MGIC Investment","MTG","246.00","0.00%","96.31B","0.00"
"BlackBerry","BBN","169.97","7.57%","95.07B","104.00"
"Goodyear Tire & Rubber Co","GT","380.00","0.00%","94.04B","0.00"
"Fibra Uno Administracion SA de CV","FUNO11","23.66","0.89%","93.84B","12.44M"
"Gruma SAB de CV","GRUMAB","205.57","-0.44%","92.85B","475.01K"
"China Biologic","CBPON","1.50K","0.00%","92.05B","0.00"
"Fibra Uno Administracion SA de CV","FUNO11","23.64","-1.09%","90.56B","1.43M"
"KB Home","KBH","989.99","0.00%","89.64B","0.00"
"Telesites SAB de CV","SITESB1","18.60","0.21%","88.81B","909.99K"
"Grupo Televisa Unit","TLEVISACPO","31.13","0.39%","87.82B","7.32M"
"El Puerto de Liverpool C","LIVEPOLC1","63.33","2.11%","85.04B","255.22K"
"Ultrapar Participacoes","UGPN","115.62","0.00%","83.41B","0.00"
"Turkcell Iletisim Hizmetleri","TKCN","114.79","0.00%","81.65B","0.00"
"Elis Services SA","ELISN","338.12","0.00%","81.36B","0.00"
"Braskem A","BAKN","410.55","-7.74%","81.25B","3.98K"
"Companhia Brasileira de Distribuicao","CBDN","130.00","-6.48%","79.90B","30.00"
"Virgin Galactic Holdings","SPCE","321.92","1.00%","77.98B","10.60K"
"Acerinox","ACXN","162.21","0.00%","77.65B","0.00"
"Range Resources","RRCO","145.00","0.00%","73.47B","0.00"
"Cie Automotive SA","CIEAN","561.59","0.00%","72.88B","0.00"
"CEMIG Pref ADR","CIGN","44.51","0.00%","71.82B","0.00"
"Whirlpool","WHR","4.91K","0.00%","71.13B","0.00"
"Simec B","SIMECB","141.00","2.92%","70.18B","2.27K"
"Fonciere Lyonnais","FLYN","1.15K","0.00%","69.97B","0.00"
"Alfa A","ALFAA","13.73","-1.30%","69.41B","14.70M"
"COPEL Pref ADR","ELPN","23.00","0.00%","68.68B","0.00"
"Kansas City Southern","KSU","5.40K","0.00%","66.95B","0.00"
"PINFRA","PINFRA","153.88","1.05%","66.30B","1.62M"
"PINFRA","PINFRA","153.07","-0.76%","65.75B","263.37K"
"Ternium ADR","TX","815.99","1.75%","65.54B","7.81K"
"Swatch Group","UHRN","6.08K","0.00%","65.07B","0.00"
"Viscofan","VISCN","1.45K","0.00%","64.63B","0.00"
"Pfizer","PFE","793.11","-0.44%","64.38B","3.88K"
"BRF ADR","BRFSN","77.50","0.00%","63.51B","0.00"
"Baozun Inc","BZUNN","614.00","0.00%","63.07B","5.00"
"Trinity Industries","TRN","556.39","3.04%","61.84B","496.00"
"Industrias Ch B","ICHB","140.33","1.50%","61.26B","14.18K"
"3D Systems","DDD","449.00","1.00%","56.17B","4.62K"
"Alfa A","ALFAA","11.39","0.88%","55.97B","14.25M"
"Fluor","FLR","481.80","0.00%","54.90B","0.00"
"Bed Bath&Beyond","BBBY","476.00","0.00%","54.38B","0.00"
"Buenaventura Mining ADR","BVNN","229.31","0.00%","54.29B","0.00"
"Mednax","MD","500.18","0.00%","54.15B","0.00"
"Moctezuma","CMOCTEZ","60.50","-0.82%","52.90B","1.57K"
"Transocean","RIGN","81.92","4.98%","51.15B","22.80K"
"SINA Corp","SINAN","885.00","0.00%","51.13B","0.00"
"OMA B","OMAB","128.79","-1.13%","50.73B","360.59K"
"Qualitas Controladora","Q","107.63","-0.03%","48.39B","1.02M"
"ODP","ODP","850.00","0.00%","48.12B","0.00"
"Opko Health","OPK","71.33","4.91%","47.85B","78.00"
"OMA B","OMAB","121.36","-0.30%","47.82B","815.73K"
"Grupo Cementos","GCC","143.03","0.08%","47.36B","118.46K"
"Alpek SAB de CV","ALPEKA","22.48","-1.11%","47.19B","866.65K"
"Grupo Sanborns SAB de CV","GSANBORB1","20.15","0.00%","45.47B","0.00"
"Industrias Bachoco","BACHOCOB","75.60","-0.46%","45.40B","123.02K"
"Promotora y Operadora de Infraestr","PINFRAL","103.98","0.00%","44.66B","0.00"
"Embraer ADR","ERJN","230.00","-0.43%","44.34B","10.00"
"Simec B","SIMECB","92.00","0.55%","43.88B","12.61K"
"Industrias Bachoco","BACHOCOB","69.42","-0.17%","41.63B","321.97K"
"Genworth","GNW","84.61","0.00%","41.20B","0.00"
"Controladora Vuela","VOLARA","35.71","-0.45%","40.98B","663.05K"
"Grupo Nagoin","EDUCA18","33.00","0.92%","40.14B","447.00"
"Alpek SAB de CV","ALPEKA","18.98","2.96%","40.02B","6.47M"
"Vodafone Group ADR","VODN","400.00","3.90%","39.91B","5.00"
"Stabilus","STAN","1.02K","0.00%","39.48B","0.00"
"Banco del Bajio","BBAJIOO","31.70","2.32%","37.72B","1.07M"
"Prologis Property Mexico","FIBRAPL14","43.94","1.29%","37.31B","352.25K"
"Air Transport Services","ATSG","558.00","0.00%","36.95B","0.00"
"FibroGen Inc","FGEN","430.00","0.00%","36.94B","0.00"
"Controladora Vuela","VOLARA","31.50","1.45%","36.93B","978.85K"
"Aleatica","ALEATIC","20.59","-3.96%","35.84B","2.65K"
"Aleatica","ALEATIC","20.89","-0.48%","35.51B","4.28K"
"Concentradora Fibra Danhos","DANHOS13","23.71","-1.08%","35.42B","559.39K"
"Grupo LALA SA de CV","LALAB","14.36","1.05%","35.41B","171.63K"
"Grupo LALA SA de CV","LALAB","14.33","0.69%","35.33B","197.48K"
"Gol Linhas Aereas ADR","GOLN","174.50","0.00%","35.10B","0.00"
"Silicon Motion","SIMON","1.27K","0.00%","34.56B","0.00"
"Banregio Grupo Financiero O","RA","104.38","3.25%","34.33B","1.01M"
"Soriana B","SORIANAB","18.44","-0.32%","33.19B","6.39K"
"Fragua B","FRAGUAB","336.99","-0.89%","32.82B","115.00"
"Rassini SAB de CV","RASSINICPO","82.49","0.00%","32.26B","0.00"
"Banregio Grupo Financiero O","RA","94.74","1.52%","31.12B","634.97K"
"Grupo Comercial Chedraui B","CHDRAUIB","31.48","-1.40%","30.09B","966.92K"
"Oi ADR Pref","OIBRQN","7.43","0.00%","30.08B","0.00"
"GoPro Inc","GPRO","196.19","0.00%","30.00B","0.00"
"Infraestructura Viable","FVIA16","0.00","0.00%","29.28B","0.00"
"BASF","BASN","1.70K","0.00%","27.89B","0.00"
"Alsea","ALSEA","32.23","0.37%","27.04B","447.85K"
"Bolsa Mexicana de Valores A","BOLSAA","44.99","0.97%","26.63B","849.31K"
"Transportadora Gas ADR","TGSN","88.80","0.00%","26.30B","0.00"
"Bolsa Mexicana de Valores A","BOLSAA","42.85","2.41%","25.42B","2.22M"
"Minera Frisco","MFRISCOA1","4.20","0.72%","25.39B","11.39K"
"Now Inc","DNOW","224.50","0.00%","25.17B","0.00"
"Gigante","GIGANTE","25.20","0.00%","25.05B","0.00"
"Grupo Nacional Provincial","GNP","109.90","0.00%","24.59B","0.00"
"Cibanco","FCFE18","28.40","-0.35%","24.18B","9.56K"
"FIBRA Terrafina","TERRA13","30.14","-0.69%","23.83B","361.30K"
"Corporacion Inmobiliaria Vesta SAB","VESTA","39.47","-0.73%","22.40B","801.73K"
"Corporacion Inmobiliaria Vesta SAB","VESTA","39.49","0.66%","22.22B","1.40M"
"KUO A","KUOA","50.50","0.00%","22.18B","0.00"
"Grupo Palacio 1","GPH1","57.80","0.00%","21.84B","0.00"
"Alsea","ALSEA","25.44","4.85%","21.22B","3.38M"
"Genomma Lab B","LABB","20.99","0.24%","21.18B","1.70M"
"JinkoSolar","JKSN","625.00","0.00%","20.94B","0.00"
"KUO B","KUOB","46.97","-0.04%","20.63B","5.12K"
"Hertz Global Holdings","HTZ","38.00","0.00%","19.74B","0.00"
"Genomma Lab B","LABB","19.52","3.20%","19.69B","2.12M"
"Nemak SAB de CV","NEMAKA","6.28","1.46%","19.32B","4.35M"
"Grupo Profuturo","GPROFUT","67.60","-3.43%","19.27B","730.00"
"Grupo Traxion","TRAXIONA","35.65","3.22%","19.16B","712.33K"
"Nemak SAB de CV","NEMAKA","6.20","0.49%","19.07B","6.07M"
"Herdez","HERDEZ","45.73","2.22%","17.88B","62.24K"
"Gentera SAB de CV","GENTERA","11.07","6.27%","17.79B","2.60M"
"GBM O","GBMO","10.50","0.10%","17.23B","30.48K"
"Rotoplas SA de CV","AGUA","34.91","3.59%","16.96B","95.51K"
"Macquarie Mexico Real Estate","FIBRAMQ12","22.90","0.26%","16.95B","827.47K"
"Lamosa","LAMOSA","46.00","0.22%","16.67B","25.05K"
"Gentera SAB de CV","GENTERA","10.64","6.40%","16.63B","15.52M"
"Tec. Reunidas","TREN","236.44","0.00%","16.39B","0.00"
"Bio Pappel SAB DE CV","PAPPEL","57.35","2.41%","16.24B","256.00"
"Rassini SAB de CV A","RASSINIA","41.50","0.00%","16.23B","0.00"
"RLH Properties","RLHA","13.95","0.00%","15.89B","0.00"
"Elementia SA de CV","ELEMENT","14.00","2.56%","15.29B","10.34K"
"Value GF","VALUEGFO","92.17","-1.51%","14.75B","45.56K"
"Heidelbergcement","HEIN","1.73K","0.00%","14.72B","0.00"
"Controladora Nemak","NMKA","2.92","1.04%","14.33B","1.97M"
"DIA","DIDAN","5.57","0.00%","13.77B","0.00"
"Vitro A","VITROA","26.11","2.43%","12.61B","11.47K"
"Elementia SA de CV","ELEMENT","11.30","-3.50%","12.56B","1.29K"
"Bafar B","BAFARB","38.99","0.00%","12.25B","0.00"
"Vitro A","VITROA","24.60","2.46%","11.66B","21.45K"
"Unifin Financiera SAPI de CV SOFOM","UNIFINA","23.48","-3.67%","11.56B","108.59K"
"Fibra MtyPI","FMTY14","11.85","1.02%","11.49B","70.27K"
"Unifin Financiera SAPI de CV SOFOM","UNIFINA","25.01","-3.99%","11.17B","136.51K"
"Invex Control A","INVEXA","68.00","0.00%","11.09B","0.00"
"Grupo Posadas A","POSADASA","22.03","0.00%","10.92B","0.00"
"Minera Frisco","MFRISCOA2","3.91","0.00%","10.59B","0.00"
"Dine A","DINEA","16.00","0.31%","10.17B","212.00"
"McEwen Mining Inc","MUX","26.80","0.00%","9.89B","0.00"
"Dine B","DINEB","14.50","0.00%","9.22B","0.00"
"Grupo Industrial Saltillo SAB de CV","GISSAA","27.68","0.65%","9.05B","35.39K"
"Cultiba SAB","CULTIBAB","11.65","-1.19%","8.36B","555.00"
"Allianz","ALVN","5.24K","0.09%","8.35B","218.00"
"Concentradora HipotecariaPI","FHIPO14","19.98","0.00%","8.15B","0.00"
"Cydsa A","CYDSASAA","13.49","-0.07%","7.51B","4.73K"
"Internacional  Ceramica B","CERAMICB","45.00","-4.26%","7.11B","2.14K"
"Consorcio Ara","ARA","5.54","-2.11%","6.97B","58.22K"
"Consorcio Aristos","ARISTOSA","13.00","0.00%","6.90B","0.00"
"Holding Monex SAB de CV","MONEXB","12.00","0.00%","6.37B","0.00"
"Vinte Viviendas Integrales","VINTE","28.56","0.21%","6.18B","202.00"
"Proyectos Inmobiliarios Carne Mart","FNOVA17","21.30","3.90%","6.06B","1.14K"
"Proteak Uno SAB de CV","TEAKCPO","5.31","2.71%","5.95B","5.64K"
"Planigrupo Latam","PLANI","17.46","0.00%","5.78B","0.00"
"Farmacias Benavides B","BEVIDESB","14.00","0.00%","5.72B","0.00"
"Actinver B","ACTINVRB","10.50","0.00%","5.67B","0.00"
"Grupo Financiero Multiva","GFMULTIO","8.39","0.00%","5.63B","0.00"
"CIE B","CIEB","9.40","0.00%","5.26B","1.35K"
"Grupo Gicsa SA de CV","GICSAB","3.38","0.59%","5.21B","54.23K"
"Minsa B","MINSAB","12.00","0.00%","4.92B","0.00"
"Pena VerdeB","PV","10.18","0.00%","4.85B","0.00"
"Tv Azteca Cpo","AZTECACPO","0.52","0.39%","4.63B","97.97K"
"Servicios Corporativos Javer","JAVER","16.48","0.00%","4.62B","0.00"
"Vista Oil Gas","VISTAA","53.00","-1.85%","4.60B","402.50K"
"Grupo Gicsa SA de CV","GICSAB","3.04","-1.94%","4.56B","6.53K"
"Concentradora Fibra Hotelera Mexicana","FIHO12","5.72","0.18%","4.48B","57.22K"
"Minera Autlan B","AUTLANB","13.00","0.00%","4.36B","1.85K"
"Medica SUR B","MEDICAB","33.00","0.09%","4.07B","4.78K"
"Aeromexico","AEROMEX","5.69","0.18%","3.88B","247.66K"
"Fibra Plus","FPLUS16","9.40","-0.53%","3.51B","584.00"
"Fibra Shop Portafolios InmobiliariosPI","FSHOP13","7.06","-0.14%","3.51B","21.78K"
"Accel B","ACCELSAB","18.00","0.00%","3.40B","0.00"
"Grupo Hotelero Santa Fe SAB de CV","HOTEL","4.95","0.20%","3.02B","4.92K"
"Credito Real SAPI","CREAL","7.47","-2.99%","2.95B","667.66K"
"Grupo Mexicano de Desarrollo (GMD)","GMD","15.90","0.00%","2.90B","0.00"
"Financiera Independencia","FINDEP","7.50","0.00%","2.53B","0.00"
"Grupe SAB de CV","CIDMEGA","37.35","0.13%","2.45B","300.00"
"Hoteles City Express SAB de CV","HCITY","6.56","1.39%","2.43B","646.83K"
"Grupo Vasconia","VASCONI","26.95","-0.19%","2.35B","5.13K"
"Finamex O","FINAMEXO","35.80","0.00%","2.27B","0.00"
"Hoteles City Express SAB de CV","HCITY","5.80","1.22%","2.15B","110.31K"
"Administradora de Activos Fibra","FINN13","3.57","2.00%","1.76B","9.69K"
"FIBRA HD","FIBRAHD15","3.90","0.00%","1.71B","1.64K"
"Collado SA","COLLADO","7.96","0.00%","1.53B","0.00"
"Almaden Minerals","AAUN","10.30","3.31%","1.51B","83.00"
"Pasa B","PASAB","11.30","7.62%","1.50B","4.18K"
"Air Liquide","AIN","3.40K","0.00%","1.41B","0.00"
"Mexicana Rest B","CMRB","2.05","0.99%","1.12B","1.32K"
"Cadu Inmobiliaria SA de CV","CADUA","3.26","-0.61%","1.11B","67.51K"
"Grupo Radio Centro A","RCENTROA","3.59","0.00%","917.44M","0.00"
"UTStarcom","UTSI","24.85","2.43%","908.78M","26.00"
"Empresas ICA","ICA","1.48","0.00%","898.89M","0.00"
"Pochteca B","POCHTECB","6.09","-0.16%","717.47M","17.57K"
"Grupo Sports","SPORTS","5.56","0.18%","500.93M","69.04K"
"Tmm A","TMMA","3.79","3.55%","387.27M","3.56K"
"Procorp SA B","PROCORPB","7.40","0.00%","370.00M","0.00"
"Diamond Offshore Drilling","DO","20.33","0.00%","354.97M","0.00"
"Convertidora Industrial SAB De CV","CONVERA","3.50","0.00%","280.63M","0.00"
"Grupo Famsa A","GFAMSAA","0.49","-1.01%","269.22M","54.94K"
"Maxcom Telecom","MAXCOMA","0.93","-2.63%","255.74M","760.00"
"Desarrolladora Homex","HOMEX","0.03","0.00%","133.56M","43.50M"
"Goldgroup Mining Inc","GGAN","0.72","-1.37%","121.47M","16.27K"
"Sare Holding B","SAREB","0.01","0.00%","61.31M","0.00"
"Urbi Desarrollos Urbanos","URBI","5.38","-1.09%","60.80M","2.95K"
"Edoardos Martin B","EDOARDOB","0.46","0.00%","48.55M","0.00"
"Himexsa","HIMEXSAA","0.26","0.00%","36.12M","0.00"
"Dinamico De Inversiones Bursatiles","FONIBURB","375.60","0.00%","-","0.00"
"Gbm Fondo Personas Morales Exentas","GBMM3BE","9.86","0.04%","-","0.00"
"Gbm Inversiones Bursatiles Sa De","GBMV1BO","47.75","1.43%","-","0.00"
"Santander De Deuda Prevision Social","STER22B","45.89","0.00%","-","0.00"
"Vector Fondo Md Siid B","VECTMF1","14.83","0.00%","-","0.00"
"Bbva Bancomer Deuda Empresas Sa CV","FPYMEB","24.42","0.00%","-","0.00"
"Interacciones Pm 1 Sa De Cv Siid B","INTERM1B","84.85","0.00%","-","0.00"
"Interacciones 1 Sa De Cv Siid B5","INTERMDB5","4.59","0.00%","-","0.00"
"Valmex Corporativo Sa De Cv B1Nc","VLX16B1NC","48.88","0.00%","-","0.00"
"Upsite Mexico","FIBRAUP18","37.00","0.00%","-","0.00"
"Gafisa ADR","GFAN","89.55","0.00%","-","0.00"
"Dinero Inbursa Sa De Cv B","DINBUR1B","15.49","0.02%","-","0.00"
"Hsbc V3 Sa De Cv Sirv Bfp","HBCBOLBFP","38.32","0.00%","-","0.00"
"Inburex Sa De Cv Siid B","INBUREXB","36.27","0.00%","-","0.00"
"Santander De Deuda Gubernamental Sa","SANTANGM0","1.89","0.00%","-","0.00"
"Valorum Tres Sa De Cv B","VALOR3MB","2.75","0.00%","-","0.00"
"Value Monterrey Sa De Cv Sirv B","VALUEV5B","5.50","-1.60%","-","0.00"
"Nikola","NKLA","266.40","7.65%","-","7.40K"
"Afirplus Sa De Cv Siid B","AFIRPLUB","247.11","0.02%","-","0.00"
"Latin 3 Sa De Cv C","AXESMPF1","2.22","0.00%","-","0.00"
"Bbva Bancomer Indizado Sa Cv P","BMERINDP","96.13","0.40%","-","0.00"
"Valmex De Rendimiento Sa De Cv Sirv","VALMX20B1","9.22","0.00%","-","0.00"
"Afircor Sa De Cv Sirv B","AFIRCORB","318.12","0.50%","-","0.00"
"Latin 5 Sa De Cv B","AXESCPF1","2.20","0.00%","-","0.00"
"Gbm Valores De Deuda Sa De Cv Siid","GBMF3BF","6.86","0.03%","-","0.00"
"Santander Plus De Corto Plazo Sa","STER1PB","137.17","0.00%","-","0.00"
"Jumia Tech","JMIAN","515.67","10.77%","-","107.00"
"Fastly","FSLY","834.95","-1.27%","-","2.26K"
"Peloton Interactive","PTON","1.79K","-3.69%","-","1.54K"
